{
    "Training Accuracy:": 0.9798657718120806,
    "Testing Accuracy:": 0.9630872483221476
}