{
    "Training Accuracy:": 0.9907718120805369,
    "Testing Accuracy:": 0.9832214765100671
}